file,title,description,canonical,social_image,schema_types,h1
about.html,About Paradigm Janitorial Services | Our Standards and Values,"Learn about Paradigm Janitorial Services, our mission, values, community focus, and commitment to reliable commercial and residential cleaning.",https://www.paradigmjanitorial.net/about.html,https://www.paradigmjanitorial.net/assets/images/about-hero-wide.png,"Organization, WebSite, AboutPage, ImageObject, BreadcrumbList",About
apartment-buildings.html,Apartment Building Cleaning | Paradigm Janitorial Services,"Apartment building cleaning for shared entries, hallways, common areas, and turnovers in Los Angeles and San Bernardino counties. Request a quote.",https://www.paradigmjanitorial.net/apartment-buildings.html,https://www.paradigmjanitorial.net/assets/images/apartment-hero-v20.png,"Organization, WebSite, WebPage, ImageObject, BreadcrumbList, Service",Apartment Buildings
clean-spaces-apartment-common-area-responsibility.html,Apartment Common Area Cleaning Responsibilities | Clean Spaces,"Learn how property managers can separate routine common area cleaning from tenant belongings, repeated dumping, and building rule enforcement.",https://www.paradigmjanitorial.net/clean-spaces-apartment-common-area-responsibility.html,https://www.paradigmjanitorial.net/assets/images/paradigm-logo.png,"Organization, WebSite, WebPage, ImageObject, BreadcrumbList, Article, Question","I manage an apartment building and tenants keep leaving things in the common areas. I don’t want my staff dealing with it, how should I handle this?"
clean-spaces-business-open-late-opens-early.html,Cleaning a Business With Limited Closed Hours | Clean Spaces,"A business that closes late and opens early can still stay clean. Learn how flexible cleaning windows, split service, and daytime work can fit the schedule.",https://www.paradigmjanitorial.net/clean-spaces-business-open-late-opens-early.html,https://www.paradigmjanitorial.net/assets/images/paradigm-logo.png,"Organization, WebSite, WebPage, ImageObject, BreadcrumbList, Article, Question","My business stays open late and opens early, how can I still get the space cleaned?"
clean-spaces-cleaning-throughout-the-day.html,Daytime Cleaning for Busy Businesses | Clean Spaces,"Explore when daytime cleaning or porter service makes sense for a busy business, how partial shifts can work, and how to balance cleanliness with cost.",https://www.paradigmjanitorial.net/clean-spaces-cleaning-throughout-the-day.html,https://www.paradigmjanitorial.net/assets/images/paradigm-logo.png,"Organization, WebSite, WebPage, ImageObject, BreadcrumbList, Article, Question","Is it best to have someone cleaning throughout the day? We’re really busy, but I don’t know if we can afford it."
clean-spaces-construction-dust-building-ready.html,When Is a Building Ready After Construction? | Clean Spaces,"Construction may be finished before the space is ready. Learn what to check for before employees, tenants, or customers begin using the building.",https://www.paradigmjanitorial.net/clean-spaces-construction-dust-building-ready.html,https://www.paradigmjanitorial.net/assets/images/construction-detail-clean.png,"Organization, WebSite, WebPage, ImageObject, BreadcrumbList, Article, Question","We just finished construction and there is still dust everywhere, when is the building actually ready for employees or customers?"
clean-spaces-house-renovation-what-to-expect.html,"House Renovation Cleaning, What to Expect | Clean Spaces","Planning a home renovation? Learn what to expect from cleanup, access, dust control, and when professional cleaning can help during and after the work.",https://www.paradigmjanitorial.net/clean-spaces-house-renovation-what-to-expect.html,https://www.paradigmjanitorial.net/assets/images/art-renov-3.webp,"Organization, WebSite, WebPage, ImageObject, BreadcrumbList, Article, Question","I’m getting my house renovated, what should I expect?"
clean-spaces-kitchen-staff-or-cleaning-service.html,Kitchen Staff or Cleaning Service? | Clean Spaces,"Learn which kitchen cleaning tasks usually belong to staff, which are better handled by a cleaning service, and how to divide responsibilities clearly.",https://www.paradigmjanitorial.net/clean-spaces-kitchen-staff-or-cleaning-service.html,https://www.paradigmjanitorial.net/assets/images/paradigm-logo.png,"Organization, WebSite, WebPage, ImageObject, BreadcrumbList, Article, Question","Should I have the kitchen staff clean the kitchen, or hire a cleaning service?"
clean-spaces-new-office-affordable-cleaning.html,Affordable Cleaning for a New Office | Clean Spaces,"Moving into a new office? Learn how to choose a cleaning frequency based on traffic, priority areas, and budget without over scheduling service.",https://www.paradigmjanitorial.net/clean-spaces-new-office-affordable-cleaning.html,https://www.paradigmjanitorial.net/assets/images/duplex-secondary-v20.png,"Organization, WebSite, WebPage, ImageObject, BreadcrumbList, Article, Question","We’re moving into a new office, how often can I have it cleaned while still keeping it affordable?"
clean-spaces-office-front-warehouse-back.html,Cleaning Offices and Warehouses on Different Schedules | Clean Spaces,"Learn how to build one cleaning plan for a property with offices in front, a warehouse in back, and teams working different hours.",https://www.paradigmjanitorial.net/clean-spaces-office-front-warehouse-back.html,https://www.paradigmjanitorial.net/assets/images/paradigm-logo.png,"Organization, WebSite, WebPage, ImageObject, BreadcrumbList, Article, Question","We have offices in the front and a warehouse in the back, and everyone works different hours. How do I handle the cleaning?"
clean-spaces-office-kitchen-accountability.html,Keeping an Office Kitchen Clean | Clean Spaces,"If your office kitchen never stays clean, learn how shared expectations, staff habits, and professional cleaning can work together without creating confusion.",https://www.paradigmjanitorial.net/clean-spaces-office-kitchen-accountability.html,https://www.paradigmjanitorial.net/assets/images/paradigm-logo.png,"Organization, WebSite, WebPage, ImageObject, BreadcrumbList, Article, Question","The kitchen area in our office never stays clean because no one cleans up after themselves, how can everyone be held responsible?"
clean-spaces-painted-apartment-cleaning-before-move-in.html,Cleaning a Freshly Painted Apartment Before Move In | Clean Spaces,A tenant is moving in soon and the apartment was just painted. Learn how to prioritize a focused turnover clean once the space is ready for normal access.,https://www.paradigmjanitorial.net/clean-spaces-painted-apartment-cleaning-before-move-in.html,https://www.paradigmjanitorial.net/assets/images/art-paint-1.webp,"Organization, WebSite, WebPage, ImageObject, BreadcrumbList, Article, Question","I manage an apartment building, they just finished painting one of the apartments and I forgot to schedule the cleaning. The new tenant moves in soon, what should I do?"
clean-spaces-tenants-different-cleanliness.html,Keeping a Multi Tenant Building Consistently Clean | Clean Spaces,"Learn how to keep shared areas clean when some tenants create more mess than others, using targeted service, clear scopes, and traffic based scheduling.",https://www.paradigmjanitorial.net/clean-spaces-tenants-different-cleanliness.html,https://www.paradigmjanitorial.net/assets/images/paradigm-logo.png,"Organization, WebSite, WebPage, ImageObject, BreadcrumbList, Article, Question","I manage a building and some tenants are dirtier than others. I want to make sure the building always stays clean, how do I handle that?"
clean-spaces.html,Clean Spaces | Paradigm Janitorial Services,"Cleaning guidance for renovations, offices, apartment buildings, mixed use properties, schedules, and other common cleaning decisions.",https://www.paradigmjanitorial.net/clean-spaces.html,https://www.paradigmjanitorial.net/assets/images/clean-spaces-hero-source-v20.png,"Organization, WebSite, CollectionPage, ImageObject, BreadcrumbList, ItemList",Clean Spaces
commercial.html,Commercial Cleaning Overview | Paradigm Janitorial Services,"Commercial cleaning for offices, stores, restaurants, schools, and warehouses in Los Angeles and San Bernardino counties. Request a cleaning quote.",https://www.paradigmjanitorial.net/commercial.html,https://www.paradigmjanitorial.net/assets/images/commercial-hero-v4.png,"Organization, WebSite, WebPage, ImageObject, BreadcrumbList, Service",Commercial Overview
construction-cleaning.html,Construction Cleaning | Paradigm Janitorial Services,"Construction and renovation cleaning in Los Angeles and San Bernardino counties, from active project support to final detail cleaning before occupancy.",https://www.paradigmjanitorial.net/construction-cleaning.html,https://www.paradigmjanitorial.net/assets/images/construction-hero-v20.png,"Organization, WebSite, WebPage, ImageObject, BreadcrumbList, Service",Construction Cleaning
contact.html,Get a Cleaning Quote | Paradigm Janitorial Services,"Request a cleaning quote in Los Angeles or San Bernardino County. Tell Paradigm about your property, service needs, and schedule, or call 818-746-5432.",https://www.paradigmjanitorial.net/contact.html,https://www.paradigmjanitorial.net/assets/images/about-consultation-wide.png,"Organization, WebSite, ContactPage, ImageObject, BreadcrumbList",Get a Quote
day-night-porter-service.html,Day/Night Porter Service | Paradigm Janitorial Services,"Day and night porter service for lobbies, restrooms, trash, spills, and shared spaces in Los Angeles and San Bernardino counties. Plan property coverage.",https://www.paradigmjanitorial.net/day-night-porter-service.html,https://www.paradigmjanitorial.net/assets/images/porter-day-page.png,"Organization, WebSite, WebPage, ImageObject, BreadcrumbList, Service",Day/Night Porter Service
duplexes.html,Duplex Cleaning | Paradigm Janitorial Services,"Duplex cleaning for units, shared entries, floors, windows, and turnovers in Los Angeles and San Bernardino counties. Plan service around both units.",https://www.paradigmjanitorial.net/duplexes.html,https://www.paradigmjanitorial.net/assets/images/duplex-secondary-v20.png,"Organization, WebSite, WebPage, ImageObject, BreadcrumbList, Service",Duplexes
faq.html,FAQ | Paradigm Janitorial Services,"Find answers about cleaning estimates, scheduling, property types, special requests, window cleaning, power washing, and porter service from Paradigm.",https://www.paradigmjanitorial.net/faq.html,https://www.paradigmjanitorial.net/assets/images/faq-consultation-v24.png,"Organization, WebSite, FAQPage, ImageObject, BreadcrumbList",FAQ
floor-care.html,Floor Care Services | Paradigm Janitorial Services,"Floor care for tile, stone, hardwood, and carpet in Los Angeles and San Bernardino counties, including scrubbing, polishing, and deep carpet cleaning.",https://www.paradigmjanitorial.net/floor-care.html,https://www.paradigmjanitorial.net/assets/images/flooring-v4.png,"Organization, WebSite, WebPage, ImageObject, BreadcrumbList, Service",Floor Care
index.html,Paradigm Janitorial Services | Commercial and Residential Cleaning,"Commercial and residential cleaning in Los Angeles and San Bernardino counties. Explore janitorial services, power washing, windows, and floor care.",https://www.paradigmjanitorial.net/,https://www.paradigmjanitorial.net/assets/images/home-video-poster.jpg,"Organization, WebSite, WebPage, ImageObject",Paradigm Janitorial Services
learning-facility-cleaning.html,Learning Facility Cleaning | Paradigm Janitorial Services,"Cleaning for classrooms, training rooms, restrooms, and shared learning spaces in Los Angeles and San Bernardino counties, planned around class schedules.",https://www.paradigmjanitorial.net/learning-facility-cleaning.html,https://www.paradigmjanitorial.net/assets/images/learning-1.webp,"Organization, WebSite, WebPage, ImageObject, BreadcrumbList, Service",Learning Facility Cleaning
los-angeles-county.html,Janitorial Services in Los Angeles County | Paradigm Janitorial Services,"Janitorial, commercial, residential, power washing, window cleaning, floor care, and construction cleaning services across Los Angeles County.",https://www.paradigmjanitorial.net/los-angeles-county.html,https://www.paradigmjanitorial.net/assets/images/la-video-poster.jpg,"Organization, WebSite, WebPage, ImageObject, BreadcrumbList, Service",Los Angeles County
office-cleaning.html,Office Cleaning | Paradigm Janitorial Services,"Office cleaning for workspaces, meeting rooms, restrooms, breakrooms, floors, and glass in Los Angeles and San Bernardino counties. Request a quote.",https://www.paradigmjanitorial.net/office-cleaning.html,https://www.paradigmjanitorial.net/assets/images/office-video-poster.jpg,"Organization, WebSite, WebPage, ImageObject, BreadcrumbList, Service",Office Cleaning
power-washing.html,Power Washing Services | Paradigm Janitorial Services,"Power washing for sidewalks, driveways, patios, building exteriors, and storefronts in Los Angeles and San Bernardino counties. Request a surface assessment.",https://www.paradigmjanitorial.net/power-washing.html,https://www.paradigmjanitorial.net/assets/images/power-hero-v20.png,"Organization, WebSite, WebPage, ImageObject, BreadcrumbList, Service",Power Washing
residential.html,Residential Cleaning Overview | Paradigm Janitorial Services,"Residential cleaning for homes, duplexes, and apartments in Los Angeles and San Bernardino counties, including floors, windows, common areas, and turnovers.",https://www.paradigmjanitorial.net/residential.html,https://www.paradigmjanitorial.net/assets/images/professional_hallway_cleaning_service.webp,"Organization, WebSite, WebPage, ImageObject, BreadcrumbList, Service",Residential Overview
restaurant-cleaning.html,Restaurant Cleaning | Paradigm Janitorial Services,"Restaurant cleaning for dining areas, kitchen surfaces, floors, and restrooms in Los Angeles and San Bernardino counties, scheduled around service hours.",https://www.paradigmjanitorial.net/restaurant-cleaning.html,https://www.paradigmjanitorial.net/assets/images/restaurant-dining-page.png,"Organization, WebSite, WebPage, ImageObject, BreadcrumbList, Service",Restaurant Cleaning
retail-cleaning.html,Retail Cleaning | Paradigm Janitorial Services,"Retail cleaning for customer areas, fitting rooms, floors, storefront glass, and restrooms in Los Angeles and San Bernardino counties. Request a quote.",https://www.paradigmjanitorial.net/retail-cleaning.html,https://www.paradigmjanitorial.net/assets/images/retail-cleaning-mall-v4.png,"Organization, WebSite, WebPage, ImageObject, BreadcrumbList, Service",Retail Cleaning
san-bernardino-county.html,Janitorial Services in San Bernardino County | Paradigm Janitorial Services,"Janitorial, commercial, residential, warehouse, power washing, window cleaning, floor care, and construction cleaning services across San Bernardino County.",https://www.paradigmjanitorial.net/san-bernardino-county.html,https://www.paradigmjanitorial.net/assets/images/sanbernardino-video-poster.jpg,"Organization, WebSite, WebPage, ImageObject, BreadcrumbList, Service",San Bernardino County
single-family-homes.html,Single Family Home Cleaning | Paradigm Janitorial Services,"Home cleaning for renovations, move in preparation, floors, windows, and exterior surfaces in Los Angeles and San Bernardino counties. Request a quote.",https://www.paradigmjanitorial.net/single-family-homes.html,https://www.paradigmjanitorial.net/assets/images/single-home-hero-v4.png,"Organization, WebSite, WebPage, ImageObject, BreadcrumbList, Service",Single Family Homes
warehouse-industrial-cleaning.html,Warehouse & Industrial Cleaning | Paradigm Janitorial Services,"Warehouse and industrial cleaning for floors, loading areas, offices, and employee spaces in Los Angeles and San Bernardino counties. Request a quote.",https://www.paradigmjanitorial.net/warehouse-industrial-cleaning.html,https://www.paradigmjanitorial.net/assets/images/industrial-video-poster.jpg,"Organization, WebSite, WebPage, ImageObject, BreadcrumbList, Service",Warehouse & Industrial Cleaning
window-cleaning.html,Window Cleaning Services | Paradigm Janitorial Services,"Interior and exterior window cleaning, screens, tracks, and storefront glass in Los Angeles and San Bernardino counties. Request a window cleaning quote.",https://www.paradigmjanitorial.net/window-cleaning.html,https://www.paradigmjanitorial.net/assets/images/jan-glass.webp,"Organization, WebSite, WebPage, ImageObject, BreadcrumbList, Service",Window Cleaning
